,id,username,tweet,created_at
0,1233905291936325634,Kirill Klip ğŸŒğŸ”¥#rEVolutionğŸ”ŒğŸ¸,RT @TNR_Gold: Is The Model Y Truly The Best #Tesla Yet? https://t.co/j4Ha4k35SL,2020-03-01 00:02:01
1,1233907496470839296,Guillaume Mercier,"RT @SavedTesla: With HW3 visualisation, a #Tesla can see the stop sign on a school bus : https://t.co/dseAEUOdRZ",2020-03-01 00:10:46
2,1233909576912732161,The ğŸ”‹TesladorianğŸ”‹ğŸ‘½,Renting #Tesla Model 3 in #Amsterdam tommorow to go to Belgium! ğŸ¥°âš¡,2020-03-01 00:19:02
3,1233909947605430278,La Sal de la TierraÂ®Â©2017âœ¤,#Tesla x ambientalistas: una lucha por un #floresta en #Alemanha https://t.co/SwXBPc5SRD,2020-03-01 00:20:31
4,1233912062394265601,Duchess of Exeter ğŸ˜·,"RT @ellymelly: @canseeyourBS Aaaaand what are they going to do with #Tesla cars where the entire control system is a giant tablet???

#auspâ€¦",2020-03-01 00:28:55
5,1233913840741625856,FCP Euro,"The concept for the next Polestar vehicle is looking very promising - would you buy this over a comparable #Tesla or the new #Porsche Taycan just based on looks?

Via: @thedrive - https://t.co/yuHnoQX65W",2020-03-01 00:35:59
6,1233915852333944833,Tesla Canuck,"Here is an update on my recent Tesla support nightmare. Short story, it is partially fixed. Skip this if Tesla constructive feedback isn't your thing.

https://t.co/iVeoPCGztK

#tesla #model3 #teslamodel3 #teslaservice #teslasupport

@tesla_talks @MFrunker @trevlan006",2020-03-01 00:43:58
7,1233918739684311041,RenewEconomy,How the #Tesla big battery has smoothed the transition to zero emissions grid https://t.co/NeSpmBkZci @elonmusk,2020-03-01 00:55:27
8,1233919160398143488,Michael Purvis,"RT @renew_economy: #Tesla big battery delivered $116 million in market savings in 2019, says new report  @elonmusk https://t.co/gNyWvvragE",2020-03-01 00:57:07
9,1233922903537664000,Jay Yu,Here's me standing next to a blue Model 3 so you can compare it to the Model Y. Im holding a 20oz boba milk tea and I'm wearing Nike Epic Reacts with a .75inch sole ğŸ˜‚. Butt is 1 inch from car in both pics. #ModelY #Tesla #Yanggang #MATH @elonmusk @AndrewYang https://t.co/vRd2izssvn https://t.co/LIzUXHo3gd,2020-03-01 01:12:00
10,1233923731342254080,Patrick Davis,"RT @vincent13031925: Tesla Model Y SUVs Spotted In Fremont Factory Ready For Delivery

$TSLA #Tesla #ModelY 

https://t.co/a5h7vHAf0Q",2020-03-01 01:15:17
11,1233925850736672768,Santiagoâ­ï¸,"ãƒ†ã‚¹ãƒ©ã®è©•ä¾¡ã‚’æ—¥æœ¬ç›®ç·šã¨ä¸–ç•Œç›®ç·šã§æ­£ã—ãä¼ãˆã¦ã‚‹è‰¯è¨˜äº‹^ ^
ã»ã‚“ã¨å®Ÿç‰©çŸ¥ã‚‰ãªã„ã§æ‰¹åˆ¤ã™ã‚‹äººã¯ã©ã‚“ã©ã‚“ç½®ã„ã¦ã‹ã‚Œã¡ã‚ƒã„ã¾ã™ã‚ˆ~
#Tesla
#Model3 
#æ—¥ç”£ãƒªãƒ¼ãƒ• 
#æ—¥åˆŠã‚¹ãƒ‘
https://t.co/35uoKTYvPd",2020-03-01 01:23:42
12,1233926170770460673,ğŸ”‹ AerialEng ğŸ‘»ğŸ”‹ğŸ¤˜ğŸ»,RT @Supermantibody: Renting #Tesla Model 3 in #Amsterdam tommorow to go to Belgium! ğŸ¥°âš¡,2020-03-01 01:24:59
13,1233927736483340288,Angelo Austin,A No-Sew Way to Make Your Own Lavender Bunnies - https://t.co/GawyOhKf94 #electricity #diy #energystorage #inspiration #Tesla #solarpower #permaculture #green #solar,2020-03-01 01:31:12
14,1233933132862283777,adriana,@AnaSvyshchuk #swag,2020-03-01 01:52:38
15,1233943123304177665,WebScale Webster,RT @teslaincanada: Dope or nope? #Tesla Model S Estate (wagon) by @Vredestein https://t.co/HDUhj2ysnh,2020-03-01 02:32:20
16,1233946707311808512,ãªãŠãŸã‚ã™,"RT @TeslAquarius: ãƒ†ã‚¹ãƒ©ã®è©•ä¾¡ã‚’æ—¥æœ¬ç›®ç·šã¨ä¸–ç•Œç›®ç·šã§æ­£ã—ãä¼ãˆã¦ã‚‹è‰¯è¨˜äº‹^ ^
ã»ã‚“ã¨å®Ÿç‰©çŸ¥ã‚‰ãªã„ã§æ‰¹åˆ¤ã™ã‚‹äººã¯ã©ã‚“ã©ã‚“ç½®ã„ã¦ã‹ã‚Œã¡ã‚ƒã„ã¾ã™ã‚ˆ~
#Tesla
#Model3 
#æ—¥ç”£ãƒªãƒ¼ãƒ• 
#æ—¥åˆŠã‚¹ãƒ‘
https://t.co/35uoKTYvPd",2020-03-01 02:46:35
17,1233948789377028096,laurallee56,#Win $10 GC #Books #Swag #BookTour #Giveaway #BookBoost #Romantic #Suspense #KendrickPennsylvania #JMcCreary  https://t.co/tMfbEj2vcu,2020-03-01 02:54:51
18,1233955160117764096,Dermot O'Gorman,RT @renew_economy: How the #Tesla big battery has smoothed the transition to zero emissions grid https://t.co/NeSpmBkZci @elonmusk,2020-03-01 03:20:10
19,1233962271954685953,ğŸŒ¹RÌ¶Ì‰Ì†Í˜ÌˆÌ¿Ì…Ì‹ÌšÌ’Ì‡ÍŒÌƒÌ¥ÌŸÍ‰ÌŸÍÌŸÌ Í”MÌ´ÍÌ’Í„Ì“ÍÍŒÌ’ÍŠÌŒÍŒÍ€Ì¼Ì™Í‡Ì¡Ì»Ì§Ì«ÌœÌ±Ì©Ì£ à¿,#Tesla #GigaBerlin - 4K Drone Footage - 22. February 2020 https://t.co/xT2G1rqaQv via @YouTube @ELONMUSK,2020-03-01 03:48:26
20,1233963553759072256,jimrockfordatSH,"RT @TeslaNY: Joe Rogan on Tesla Model S, Roadster ğŸâš¡ï¸ğŸ”Œ Full Video â†’ https://t.co/2mzgRbT14E $TSLA #Tesla #EV @elonmusk https://t.co/0uTiHNMâ€¦",2020-03-01 03:53:31
21,1233966148128919559,Vincent ğŸš€ğŸŸ ,"Hornsdale Power Reserve Showcases Reliable Renewable Network of the Future

$TSLA #Tesla #Energy
https://t.co/VYwyLvuXYF",2020-03-01 04:03:50
22,1233967354633023488,ğŸ”‹@mymodl3 ğŸ”‹,#TeslaPics The modern day version of a Smiley Face. #Tesla #Model3 https://t.co/GVKNiETS4c,2020-03-01 04:08:38
23,1233967634799980544,K G,@vincent13031925 This Hornsdale project was so great that they asked asked Tesla back for an addition to the first project. Now that is a definite testimonial to how much economic improvement #Tesla #tsla is bringing to Australia. https://t.co/dZjhnvvc3i,2020-03-01 04:09:44
24,1233972482987700225,Got Swag,"3 in 1 Rubber Hybrid Heavy Defend Shockproof Full Coverage Case Cover for iPhone X XS Max XR 6 6S 7 8 Plus 5s SE with Belt Clip https://t.co/BUMKhtzb9w
#swagğŸ˜ #shoppingaddict #swager #swaggers #swagstyle https://t.co/W2EZTxeORg",2020-03-01 04:29:00
25,1233973755992584197,Thomas J Thias / Clean Energy Retortâ„¢ 517-749-0532,RT @MunroAssociates: Sandy #Munro Comments on #Teslaâ€™s Secret Sauce: https://t.co/R8WhnsG4LS  #Model3 #Superbottle https://t.co/YY10ZJgYqd,2020-03-01 04:34:04
26,1233974228652785665,Thomas J Thias / Clean Energy Retortâ„¢ 517-749-0532,"RT @MunroAssociates: #Munroâ€™s Tearing Down #Tesla Segment 5: Seat Comparison on #Tesla #Model3, #BMW #i3 and #Chevy #Bolt: https://t.co/kYfâ€¦",2020-03-01 04:35:56
27,1233974312568336387,BoldontheMove,"RT @ShortingIsFun: In other words, goodbye to #Tesla 's Buffalo Plant.

$TSLA #Solar

https://t.co/DVxGqS9SkD",2020-03-01 04:36:16
28,1233974492453429249,Richard Chapman ğŸš˜ğŸ”ŒğŸŒğŸ”‹ğŸ‡¦ğŸ‡ºğŸ‡¬ğŸ‡§ğŸ‡ªğŸ‡º,"The Tesla Cybertruck is the ugliest, most brutalist, 1980s style, still rendering, no paint, ridiculous triangle truck ever designed and it's not even going to be available here for three years and it's just so stupid so I've just ordered one @tesla @elonmusk #Cybertruck #tesla https://t.co/Pp9eAVhfhe",2020-03-01 04:36:59
29,1233975518858485761,Alexia Gurza,"Endless sunset back in NYC. 
â€¢
â€¢
â€¢
â€¢
â€¢
â€¢
#newyork #newyorkcity #newyorkcitygirl #travelphotography #travel #outfit #outfitideas #blonde #citylife #photography #cool #swag #fashion #style #actress #actresslifeâ€¦ https://t.co/A3R9rgnGpr",2020-03-01 04:41:04
30,1233975757879332865,Elon Promises,"""Tesla semis with a better drag coefficient than a supercar just waiting on permits. An exponential improvement to anything else out there.""

#Tesla $tsla $tslaq",2020-03-01 04:42:01
31,1233976853880168448,Giles Parkinson,RT @renew_economy: How the #Tesla big battery has smoothed the transition to zero emissions grid https://t.co/NeSpmBkZci @elonmusk,2020-03-01 04:46:22
32,1233979659034882050,electivenow@gmail.com,"RT @Droit_IA: #Tesla wants to build a factory near Berlin to attack Germany's auto giants, but it has to worry about local bats, wolves, anâ€¦",2020-03-01 04:57:31
33,1233983928957956096,Vikaas Kalantri,"Before that lets do some #sundayswag - my favourite poser in crime â¤ï¸â¤ï¸ @Pri_Kalantri 
.
.
.
.
#swag #style #sunday #poser #posers #weekend #chill #letsgo #vikaaskalantri #priyankakalantri https://t.co/Mf4tjbUu3D",2020-03-01 05:14:29
34,1233984431746093061,à¤®à¥à¤¦à¥à¤¦à¥‹à¤‚ à¤•à¥€ à¤®à¥à¤¹à¤¿à¤® âºï¸(à¤†à¤¤à¥à¤®à¤¨à¤¿à¤°à¥à¤­à¤° à¤­à¤¾à¤°à¤¤ğŸ‡®ğŸ‡³ğŸ‡®ğŸ‡³ğŸ‡®ğŸ‡³),"RT @VikasKalantri: Before that lets do some #sundayswag - my favourite poser in crime â¤ï¸â¤ï¸ @Pri_Kalantri 
.
.
.
.
#swag #style #sunday #posâ€¦",2020-03-01 05:16:29
35,1233985108685639680,revibuy,"Hi, new instagram account, time to post my best clips and let's start with this one.

#twitch #gamer #apexlegends #yoink #streamer #ttv #yoink #youtube #likeforlike #followforfollow #swag https://t.co/6qhy2HSz7u",2020-03-01 05:19:10
36,1233988869709815810,Mohammed. Tarik khan,ğŸ” #amazing #style insta.tags #100likes #nofilter #bestoftheday #50likes #life #instagram #swag #followforfollow #sun #fitness #f4f #l4l #beauty #pretty #music #instatags #tagstagramers #beach #sweet #lol #photoâ€¦ https://t.co/cvgXozklEY,2020-03-01 05:34:07
37,1233996362032676865,Altaf khan,"No captions needed...!!ğŸ˜ğŸ¤™â¤ï¸
#mah 
#pictorial #picframe #swag #loveyourself #attitudematters https://t.co/S1hNRVxvnu",2020-03-01 06:03:53
38,1233996483667648517,Insane Rishi,"PREMIUM PASS
SEASON -4
.
.
ğŸ˜ğŸ˜
.
Go &amp; Follow me now on #TIKTOK
.
.
Id-@rbrishi5111
.
.
#freefire #garenafreefire photooftheday
#instagood
#nofilter #tbt#igers  #picoftheday  #love  #nature #swag #lifeisgoodâ€¦ https://t.co/arWZdm6Fx8",2020-03-01 06:04:22
39,1233996531457576960,James Robert,#Win $25 Amazon #Swag #BookTour #Giveaway #BookBoost #SciFi #Romance #Adventure #DefyingTheRelicHunter @Askole https://t.co/mXzjnCYxZ5,2020-03-01 06:04:34
40,1234004644940021762,Model3Love,"RT @TeslAquarius: ãƒ†ã‚¹ãƒ©ã®è©•ä¾¡ã‚’æ—¥æœ¬ç›®ç·šã¨ä¸–ç•Œç›®ç·šã§æ­£ã—ãä¼ãˆã¦ã‚‹è‰¯è¨˜äº‹^ ^
ã»ã‚“ã¨å®Ÿç‰©çŸ¥ã‚‰ãªã„ã§æ‰¹åˆ¤ã™ã‚‹äººã¯ã©ã‚“ã©ã‚“ç½®ã„ã¦ã‹ã‚Œã¡ã‚ƒã„ã¾ã™ã‚ˆ~
#Tesla
#Model3 
#æ—¥ç”£ãƒªãƒ¼ãƒ• 
#æ—¥åˆŠã‚¹ãƒ‘
https://t.co/35uoKTYvPd",2020-03-01 06:36:48
41,1234007963028926464,Haither Mithath,"RT @vincent13031925: Hornsdale Power Reserve Showcases Reliable Renewable Network of the Future

$TSLA #Tesla #Energy
https://t.co/VYwyLvuXâ€¦",2020-03-01 06:49:59
42,1234009323241639936,ğŸ”‹ Tâ‰¡slaModel3 - ğŸ”‹ Hi! (Hubert Savelberg) ğŸ”‹,"RT @TeslaNY: Tesla finished clearing - Giga Berlin (2/29/20) ğŸ£ğŸ”‹ğŸ‡©ğŸ‡ª https://t.co/Y89PuBqO9K $TSLA #Tesla #Giga4 
ğŸ¥: Tesla Kid GrÃ¼nheide httpsâ€¦",2020-03-01 06:55:24
43,1234009705040797702,Berkan Bayram ğŸš—ğŸ”ŒğŸ›µğŸ‡¹ğŸ‡·ğŸŒ,"Tesla'nÄ±n Almanya'daki 4ncÃ¼ Gigafactory'si iÃ§in aÄŸaÃ§ kesimi tamamlandÄ±. 
90 hektarlÄ±k bir alanÄ± kapsayan 'ilk faz' fabrika inÅŸaatÄ±na yakÄ±nda baÅŸlanÄ±r 
#Tesla #GF4 #Almanya #Model3 #ElonMusk https://t.co/dbiSilNvli",2020-03-01 06:56:55
44,1234010668379996160,Schecky Tech,"@Mh82281721 Would that be to pair-up with ElonMuskâ€™s #Tesla in space?

Or maybe to see which would pull harder, a rocket or #GTO? ğŸ¤£",2020-03-01 07:00:44
45,1234011755531120640,ğŸ”—Vivian Okoy,"RT @vincent13031925: âš ï¸Importantâš ï¸

Massive Tesla Model 3 Arrived Taiwan ğŸ‡¹ğŸ‡¼ , Hints Strong Q1 Oversea Delivery

$TSLA #Tesla #Taiwan #Modelâ€¦",2020-03-01 07:05:04
46,1234011957709004800,Games Lawn Pty Ltd.,"RT @EsportzRacing: Tesla Autopilot crash driver 'was playing video game'.
https://t.co/hxw4ObLdcO  #gaming #videogames #Tesla",2020-03-01 07:05:52
47,1234013565784403968,Damien Maguire,"#teslamodel3 bms #Hacking 
Gonna be fun.
#opensource #evconversion #electronicsengineering #ev #tesla https://t.co/qCor3QWhSl",2020-03-01 07:12:15
48,1234015274954715136,Margarita,"RT @TeslaBand: It's all around âš¡ï¸â¤ï¸âš¡ï¸ 

@FrankHannon #ValentinesDay2020 #valentinesday #lovesong #tesla #teslaband https://t.co/wvKaeS4J29",2020-03-01 07:19:03
49,1234015799691575297,New Electric Ireland,"RT @EvBmw: #teslamodel3 bms #Hacking 
Gonna be fun.
#opensource #evconversion #electronicsengineering #ev #tesla https://t.co/qCor3QWhSl",2020-03-01 07:21:08
50,1234016312642490371,mrt2580,RT @58skywalk: #Tesla Almanya'daki yeni Ã¼retim merkezi iÃ§in 90 dÃ¶nÃ¼mlÃ¼k orman katletti! @abdullahciftcib @ErtanOzyigit https://t.co/u6LiwNNâ€¦,2020-03-01 07:23:10
51,1234020085406273537,Mark kerr,Someoneâ€™s taking advantage of the good weather because they can. #solarpv #solaredge #tesla #myenergie #zappi #powerwall #battery #cleanerair #positivesteps #backup #becausetheycan #hifive https://t.co/jgJwmb7lQY,2020-03-01 07:38:10
52,1234024308881620992,Max Ryan,#nofilter #welltraveled #savetheplanet #lol #like4like #bestoftheday #photooftheday #followme #instapic #holidays #style #beauty #love #fashion #l4l #swag #girl #nowplaying #cute #f4f #life #amazing #amas #foodpornâ€¦ https://t.co/y54OFURyag,2020-03-01 07:54:56
53,1234024960047403009,Denis ğŸ‡ªğŸ‡º,RT @teslaincanada: Dope or nope? #Tesla Model S Estate (wagon) by @Vredestein https://t.co/HDUhj2ysnh,2020-03-01 07:57:32
54,1234027271956107270,tadzio_mueller,"Hier ein kurzer #Thread zur Frage, ob sozial-Ã¶kologische Kommunikation &amp; Analyse notwendigerweise ultrakomplex sein muss, oder, seit Greta, eher die Essentials transportieren sollte. AuslÃ¶ser: mein (h/t @christophbals) ""unterkomplexer Kommentar"" zu #Tesla: https://t.co/e1jJkEOJyK https://t.co/XXiIdT1RCi",2020-03-01 08:06:43
55,1234027706888617984,Moderatetothecore,"@elonmusk Hi Elon, big fan. Can #Tesla make a minivan? Itâ€™s a staple for families with kids and older parents.",2020-03-01 08:08:27
56,1234028357723066368,WORKSHOP,#Tesla https://t.co/zK7TOzCgRr,2020-03-01 08:11:02
57,1234029439953981440,OhSoDull,"RT @TeslaPodcast: #Teslaâ€™s outlook for the next 5 years? $TSLA

â€œItâ€™s actually just execution. We donâ€™t need to talk about strategy anymoreâ€¦",2020-03-01 08:15:20
58,1234029865676034049,I am AntiFa,The latest The Commentariat Daily! https://t.co/7o5fPkOH1g Thanks to @FearDeptAU @greensinspa @MargaretHollin1 #twitter #tesla,2020-03-01 08:17:01
59,1234030092180959232,Engin Dikmen #MaskesizÃ‡Ä±kma,RT @TNR_Gold: Is The Model Y Truly The Best #Tesla Yet? https://t.co/j4Ha4k35SL,2020-03-01 08:17:55
60,1234033131302391808,MNX,"Land or water, one common footwear for all surfaces!
.
.
ğŸ“¹: Benjamin Forthun | IG
.
.
#Swag #WildChild #StayWild https://t.co/gifRzYRbA2",2020-03-01 08:30:00
61,1234034787632984064,NoticiasdeAITA,Parece que se pinchÃ³ la burbuja #TESLA aunque tambiÃ©n puede ser un efecto del #Coronavid19 la vela mensual en el grÃ¡fico es bastante fea. https://t.co/AGNAYx5svb,2020-03-01 08:36:35
62,1234036067373727745,Aleksandr Lazarev,#wshh #kaliningrad #fbf #wbw #flashback #thegoodolddays #jj #tagsta #kaliningradlife #igs #sunshine #sky #clouds #instagram #tag #me #l4l #instadaily #photoofthedaÑƒ #swagÂ #kaliningrad_people Â #nature #instagoodâ€¦ https://t.co/A7SKCERjf1,2020-03-01 08:41:40
63,1234037151534157825,ä¸€åŠæµ£æ˜¥ç§‹,"é€šé€šéœ²è‡‰çµ¦ä½ çœ‹ï¼SWAGæœ€å¼·å››è–ç¸å‡ºçˆï¼

é€™å¹¾å¤©é™¸çºŒä»‹ç´¹è¯äººAVå¹³å°SWAGçš„å…è²»ä½œå“ï¼Œç›¸ä¿¡å¤§å®¶éƒ½çŸ¥é“ä»–å€‘æœ‰å¤šçŒ›äº†å§ï¼Ÿä¸éè©±èªªå›ä¾†ï¼Œç‰‡å­é›–ç„¶æ˜¯å…è²»çš„ï¼Œä½†å¥³å­©éƒ½ä¸éœ²è‡‰ç¸½è®“äººè¦ºå¾—æœ‰äº›éºæ†¾ï¼Œä½†ä»Šå¤©ï¼Œç™»å ´çš„é€šé€šéƒ½æ˜¯éœ²è‡‰åˆå‡ºâ—å–”ã€œ

https://t.co/mjWl9YKD5n

#SWAG https://t.co/7ypD6sEU1r",2020-03-01 08:45:58
64,1234040411498242048,Tickeron,$TSLA's in Downtrend: Moving Average Convergence Divergence (MACD) Histogram just turned negative. View odds for this and other indicators: https://t.co/FLJYBZBQsz #Tesla #stockmarket #stock #technicalanalysis #money #trading #investing #daytrading #news #today https://t.co/2YvyRzh7nk,2020-03-01 08:58:56
65,1234040785135423488,Î LUC Ğ¨Î›Ğ¢ÎRLOT Î ğŸ‡§ğŸ‡ª,"Nice work! Respect!
#tesla #GigaBerlin #gigafactory4 https://t.co/yMw85ZyJu5",2020-03-01 09:00:25
66,1234040793553395712,Bea LaRocca_Author,#Win $20 Amazon #Swag #BookTour #Giveaway #BookBoost #FREE #YA #Fantasy #College #NeverDateASiren #ByrdNash  https://t.co/TvruUa5fBm,2020-03-01 09:00:27
67,1234044289505726464,Gordy,RT @teslaincanada: Dope or nope? #Tesla Model S Estate (wagon) by @Vredestein https://t.co/HDUhj2ysnh,2020-03-01 09:14:20
68,1234048368873279489,Julian Russell,First Shift: FAA bill could take AVs along for the ride. #supercar #tesla https://t.co/S97GCAqjbS https://t.co/FwWAxEzJi3,2020-03-01 09:30:33
69,1234051215954083842,WebScale Webster,"RT @vincent13031925: Hornsdale Power Reserve Showcases Reliable Renewable Network of the Future

$TSLA #Tesla #Energy
https://t.co/VYwyLvuXâ€¦",2020-03-01 09:41:52
70,1234054781968306176,Thomas,"RT @TeslaNY: Joe Rogan on Tesla Model S, Roadster ğŸâš¡ï¸ğŸ”Œ Full Video â†’ https://t.co/2mzgRbT14E $TSLA #Tesla #EV @elonmusk https://t.co/0uTiHNMâ€¦",2020-03-01 09:56:02
71,1234055274354356226,"Theo Crouch, II",The latest The tesla trucking Daily! https://t.co/2lIX2ZDArH Thanks to @Best_BuyAuto @ACM_president #tesla #cybertruck,2020-03-01 09:57:59
72,1234058459261349890,SÃ¸ren Jessing ğŸŒŠâ›µï¸ğŸ‡©ğŸ‡°,"@KelvinYang7 Any idea what this heavy foundation is made for?

Like it doesn't fit in the steel structure pattern initiated from left.

Just inside det blue building is the hughe stamping press. That doesn't have such a heavy foundation.

@JasonYangSHA @ray4tesla @realChaoZhou #Tesla $TSLA https://t.co/g54vdot5QB",2020-03-01 10:10:39
73,1234059130609991681,R Y A N  D E O V A N,"OSLO OPERA HOUSE!!ğŸ‡³ğŸ‡´ ************************************************************
#fashion #highfashion  #ootd #modelling #iphonepromaxshot #likeforlike #followforfollow #ryangorgeoustravels #happiness  #swag #pinoyâ€¦ https://t.co/kFQDCpnNTo",2020-03-01 10:13:19
74,1234059875531055105,Muhammad Babar Khan,"SMQ listening Mike Pompeo 

#Swag https://t.co/vsQZBjbPPC",2020-03-01 10:16:16
75,1234060289919709185,shayib Shohag,Take my heart ğŸ˜ğŸ˜#fashion #style #stylish #love #me #cute #photooftheday #nails #hair #beauty #beautiful #instagood #pretty #swag #pink #girl #girls #eyes #design #model #dress #shoes #heels #styles #outfit #purse #jewelry #shopping #glam https://t.co/9YiMhB2XOg,2020-03-01 10:17:55
76,1234062174001094657,A.R. SumoN,"Punisher Skateboard Review in Current Market

#longboarding #longboarder #longboarders #longboards #surfer #longboardsurfing #skimboard #surfskate #longboardlife #surfboards #longboardgirl #longboard #longexposure #nikon #longboardinggirls #sketeboardgirl

https://t.co/MqjkE9ekRg",2020-03-01 10:25:24
77,1234063074409304064,Kevin Sharpe,"Fascinating #opensource project which will help in the reuse #Tesla Model 3 components ğŸ˜ğŸ‘‡

#circulareconomy #ClimateAction https://t.co/aI3r0YZeQb",2020-03-01 10:28:59
78,1234063460796858368,e-lectric,Vous en pensez quoi du nouveau EV Volkswagen ?#ev #Tesla #car https://t.co/8NrCcJaV4r,2020-03-01 10:30:31
79,1234063602585305088,michael mÃ¼ller,"#Audi kÃ¼ndigt â€ersteâ€œ Elektroautos mit 3 Motoren an â€“ von #Tesla s Plaid-Antrieb haben sie noch nie etwas gehÃ¶rt !

https://t.co/G9dPtqVjGq",2020-03-01 10:31:05
80,1234065297092567042,Andrea,"RT @KevinSharpe59: Fascinating #opensource project which will help in the reuse #Tesla Model 3 components ğŸ˜ğŸ‘‡

#circulareconomy #ClimateActiâ€¦",2020-03-01 10:37:49
81,1234066156505489408,UntoldnewsUK,"SpaceX's Starship SN1 prototype appears to burst during pressure test https://t.co/U8NgFC2lxA
 #untoldnewsuk #spacex #spacexlaunch #elonmusk #Tesla https://t.co/KVonwmiKbb",2020-03-01 10:41:14
82,1234067304910065665,Frits Rincker,"Elon Musks Innovation Rules

Not trying                       - negative consequences
Trying and failing            - minor negative consequences
Trying and succeeding    - reward

#innovation #tesla #spacex #technology #space #science #manufacturing",2020-03-01 10:45:48
83,1234069009051607041,R. Liarte,"RT @jean_steffe: #summon #tesla
@Tesla @teslaownersSV @ClubTeslaES @Model3Owners @TeslaOwnersSC @TeslaMotorsClub @TeslaClubMA @OCTeslaClubâ€¦",2020-03-01 10:52:34
84,1234070172555784193,Erik Smith,RT @teslaincanada: Dope or nope? #Tesla Model S Estate (wagon) by @Vredestein https://t.co/HDUhj2ysnh,2020-03-01 10:57:11
85,1234070230399250432,butterfly,"æ±½è½¦çš„ä¹è¶£åœ¨äºé©¾é©¶ã€‚
I love BMWï¼
#Tesla is a bubble . https://t.co/deNojQiyym",2020-03-01 10:57:25
86,1234070962737483777,grandfloridian4,"New item every day. A blog about Digital Assistant Siri - tips, tricks and how toâ€™s. https://t.co/3BxrdOqI2Q #alexa, #Apple, #homekit, #Homepod, #ios, #ipad, #iphone, #Mac, #MacOSMojave, #Siri, #Tesla, #future",2020-03-01 11:00:20
87,1234072149712830465,ForoCochesElÃ©ctricos,Â¿Se convertirÃ¡ #Tesla en un suministrador de baterÃ­as para los fabricantes tradicionales? https://t.co/C9jfLXUkH7,2020-03-01 11:05:03
88,1234073299799420929,tesland,Umfrage in GrÃ¼nheide: Was die BevÃ¶lkerung zur Gigafactory von Tesla sagt #news-stream #tesla #contentautomation #unaice https://t.co/QNoTT8O6o2,2020-03-01 11:09:37
89,1234074892871458821,TEAM SWAG JAPAN,"ãƒãƒ¬ãƒ¼ã‚·ã‚¢ã«ã¦....

å‘ŠçŸ¥ã—ã¦ãŠã‚Šã¾ã™No cloud seriesãƒªã‚­ãƒƒãƒ‰ã®ãƒ†ã‚¤ã‚¹ãƒ†ã‚£ãƒ³ã‚°å‹•ç”»ã‚’ãŠè¦‹ã›ã—ã¾ã™ï¼
å¤§å¤‰çŸ­ã„å‹•ç”»ã§ã™ãŒã”æ³¨ç›®ä¸‹ã•ã„ï¼

Instagramã‚¢ã‚«ã‚¦ãƒ³ãƒˆã®ãƒ•ã‚©ãƒ­ãƒ¼ã‚‚ã‚ˆã‚ã—ããŠé¡˜ã„ã—ã¾ã™â­ï¸https://t.co/ivzCGlr71e

#swag #swagcotton #stayswag #teamswagjapan https://t.co/WnNxh1SUoA",2020-03-01 11:15:57
90,1234078453751640064,Mike ãƒã‚¤ã‚¯,*puts on a leather jacket* #Swag #Bot,2020-03-01 11:30:06
91,1234080201950269440,AD Lifeshop,#swag #summer Satin Summer Buckle Slingback Shoes Handmade Women Square Heels Low Crystal Silk Fabric Footwear Women 2019 https://t.co/69eCXoyDyv https://t.co/ijHTIfbD96,2020-03-01 11:37:02
92,1234083654306914306,TeslaNTune,Got em ceramic coated and ready to mount. #forgedwheels #martianwheels #tesla #performance #model3 https://t.co/5d4BRq5bYw,2020-03-01 11:50:46
93,1234085739702423552,Rik Harrisâ„¢,"@GT351C @thirdrowtesla @elonmusk So why canâ€™t we put these panels on top of the #tesla semi (which will be exposed to sunlight all day, every day). 

The system could take a number of cells out of service, charge them with the panels and then swap with the next pack. All while youâ€™re driving.",2020-03-01 11:59:03
94,1234089759519035392,Lagi Sakaw ğŸ˜©,"ã‹ã£ã“ã„ãƒ¯ãƒ³ã‚¨ãƒ³ã•ã‚“ğŸ¤©
#ONENONLY #ãƒ¯ãƒ³ã‚¨ãƒ³ 
#REI #TETTA #NAOYA #KOHKI
#KENSHIN #HAYATO #EIKU
#ç² #å“²å¤ª #ç›´å¼¥ #å¹¸è¼
#è¬™ä¿¡ #é¢¯æ–— #æ°¸ç–
#SWAG #BAEBAE #IROTAS
#EBiDAN #EBiDANTHELIVE https://t.co/dCoA4NJlR1",2020-03-01 12:15:01
95,1234093201344147456,jammmorjelly,"â˜† the biz of life jammms. grab it. smash it. grow it. invest it. love it. Â¤Â  JaK jammm_syn â˜† however we mash it, your style speaks volumes. Â¤ pbnJammm

#jaMMM #feedyoursoul #swag #enjoy #mashingitup #happeningsâ€¦ https://t.co/cYTyarJlTW",2020-03-01 12:28:42
96,1234094041073012737,Autopress.hr,#ElektriÄnikamion dolazi: #Tesla lobira kod europskih vlada da ukinu zabranu prometovanja teretnih vozila nedjeljom! https://t.co/HKfeyQpGTw,2020-03-01 12:32:02
97,1234098336023474176,the souls lightning,RT @renew_economy: How the #Tesla big battery has smoothed the transition to zero emissions grid https://t.co/NeSpmBkZci @elonmusk,2020-03-01 12:49:06
98,1234099611918327808,GeeksVsGeeks ğŸ®ğŸ²,"It goes without saying we got another boardgame pickup yesterday at #PAXEast2020. 
#Dwar7s Winter by @Vesuvius_Media  was too good a deal to let pass by. Can't wait to play it with the kiddos.
#Boardgames #geekstuff #swag #geektreasure #geekthings . https://t.co/EDX05YdJMB",2020-03-01 12:54:10
99,1234102605837549571,ì´ê³¼ìƒ,ï¼²ï½…ï½”ï½—ï½…ï½…ï½” ï¼©ï½† ï¼¹ï½ï½• ï¼·ï½ï½ï½”ï¼¦ï½ï½Œï½Œï½ï½—ï½…ï½’ï½“ #TeamFollowBack #TeamFollowWack #500ADay #TFB #FollowNGain #swag (Follow Me babbler28),2020-03-01 13:06:04
100,1234103475300110337,Danilo NietoğŸ›¡ï¸,RT @foroelectricos: Â¿Se convertirÃ¡ #Tesla en un suministrador de baterÃ­as para los fabricantes tradicionales? https://t.co/C9jfLXUkH7,2020-03-01 13:09:31
101,1234103700530061313,Jon Hast âš¡ï¸â›ˆ ğŸ‡¬ğŸ‡§ğŸ‡ªğŸ‡º,"Took Lightrunner to #Brighton for a little photo shoot, itâ€™s lovely here today ! #Tesla https://t.co/zjhiguQE7k",2020-03-01 13:10:25
102,1234104353163816961,OurCatDoor,#Tesla Approved https://t.co/A90S71lu6r,2020-03-01 13:13:01
103,1234106691500826624,Syn ONIRK,"ğŸ¤·ğŸ»â€â™‚ï¸

 #swag #obey #france #germany #instagood #cool #bmx #bboy #cosplay #california #mexico #photography #shoutout #follow #likeforlikes #russian #anime #comic #model #japan #camera #best #gamevideo #computer #darkâ€¦ https://t.co/JDrDgW03Xo",2020-03-01 13:22:18
104,1234107363025674242,â¤Saint Luciasâ¤ğŸ“° Cafe @ homeâ˜•,RT @zineworkshop: #Tesla https://t.co/zK7TOzCgRr,2020-03-01 13:24:58
105,1234110981422206979,2ontrack,"RT @EvaFoxU: Hornsdale Power Reserve Showcases Reliable Renewable Network of the FutureğŸ‡¦ğŸ‡ºğŸ”‹ğŸ”‹ğŸ”‹

@Tesla @elonmusk 
#Tesla #Hornsdale #Australiâ€¦",2020-03-01 13:39:21
106,1234115257968332800,Le Vivorin ğŸ,"RT @doublescoopxxx: I got hot sauce in my bag... and a bit of #junkinthetrunk ğŸš— ğŸ°ğŸˆğŸ€ğŸ¥…ğŸ‘ğŸš— #swag #phatty #gymgays

@PacoJonesFL
@whitewolfbraziâ€¦",2020-03-01 13:56:20
107,1234115469721980928,Voxie,"#VoxieVibes ğŸ‰ Get your swagger on with our #MysterySwagBag #Giveaway our #March edition!  We're customizing the winning bags and stuffing them with #smartwatches, #swag, and eco-conscious goodies. Enter today! â†“
- https://t.co/ABG6qdg8V6 https://t.co/rXEgNetSaI",2020-03-01 13:57:11
108,1234118111353352193,xa vie r,#Tesla inspiration #renault cyber #espace https://t.co/W7LWCUJdn0,2020-03-01 14:07:41
109,1234118438500622337,xa vie r,RT @ajtourville: Would never happen with an exoskeleton #Tesla #Cybertruck https://t.co/56MQ8yllC1,2020-03-01 14:08:59
110,1234118616313933825,xa vie r,RT @TeslaOwnersofMA: #Tesla #Cybertruck via avenue5000 https://t.co/gLQwisARNU,2020-03-01 14:09:41
111,1234118654704439296,Royal Flash Jewelry,Rose Gold Plated Rope Lab Ruby #Ring https://t.co/y1ETdmiTcF #etsychaching #customjewelry #swag #rt #etsyhunter #etsyjewelry,2020-03-01 14:09:50
112,1234119229395361792,Henrik Zeberg,Nobody rings a bell at the top....! Well - for #Tesla I would disagree! This Monthly chart is almost hilarious! Can't remember to have seen anything as extreme.....!?! https://t.co/ECtFZVd7nf,2020-03-01 14:12:07
113,1234119670346723329,leon ziÃ¨me,RT @HenrikZeberg: Nobody rings a bell at the top....! Well - for #Tesla I would disagree! This Monthly chart is almost hilarious! Can't remâ€¦,2020-03-01 14:13:52
114,1234119974437998593,WorldEnergyTrade,"Averigua sobre las actualizaciones ocultas del Tesla Model 3, te sorprenderÃ¡s de tanto avance tecnolÃ³gico #technology #tech #Tesla #NASA #energy #FelizDomingo #Noticias #NEWS #BreakingNews #BREAKING #Sunday #01Marzo https://t.co/YXwkD6TklP",2020-03-01 14:15:05
115,1234121894615535616,Group Therapy,Gabby looks for Dinosaur eggs in the wild and explores the park! https://t.co/txnN1HQUR7 #girls #vscocam #autumn #pretty #luxury #instapic #black #sunset #funny #sky #blogger #hot #healthy #work #bestoftheday #workout #f4f #nofilter #london #goals #blackandwhite #blue #swag,2020-03-01 14:22:43
116,1234123030646939648,Sai Gadu,#swag #PSPKComebackEuphoria https://t.co/4Iw2FciDad,2020-03-01 14:27:14
117,1234126799820423171,Dr Kapil Kapadia å­”å¿«æ‹œ / å­”åŒ»ç”Ÿ,".
.
#sundaywellspent #sundayfunday #sunday #trekkingday #sinhagad #swag #friends #bros #boygang #funtimesâ¤ï¸ #4fitnessclub #gymmembers @ Sinhagad Fort Pune - à¤•à¤¿à¤²à¥à¤²à¥‡ à¤¸à¤¿à¤‚à¤¹à¤—à¤¡, à¤ªà¥à¤£à¥‡ https://t.co/NqwvMpusXB",2020-03-01 14:42:12
118,1234129013586702338,Alexius Vasko,#fashion #style #stylish #love #me #cute #photooftheday #nails #hair #beauty #beautiful #instagood #pretty #swag #pink #girl #girls #eyes #design #model #dress #shoes #heels #styles #outfit #purse #jewelry #shopping #glam https://t.co/5pwMCyJCRy,2020-03-01 14:51:00
119,1234129146483073024,Teslaconomics,"Let the markets bleed!ğŸ©¸ 

Think of it this way, wouldnâ€™t you like a discount when buying a new house?

Now wouldnâ€™t you want the house even more, knowing it will bring positive CF and future growth?

And landlord is @elonmusk?

Let the algorithms bring it down!ğŸ”¥

$TSLA #Tesla",2020-03-01 14:51:32
120,1234129207980167168,ğŸ¶Earl of FrunkpuppyğŸ¶,"#Tesla #ModelY does fit adults in the back seat. My apologies. 

 https://t.co/bgdiVamUmC",2020-03-01 14:51:46
121,1234129427149283329,NovellaIta,#photooftheday #instagood #nofilter #tbt #igers #picoftheday #love #nature #swag #lifeisgood  #instapic #instadaily #selfie#instamood #bestoftheday #museum #history @MANNapoli giulierini @ Museo Archeologico di Napoli https://t.co/NYfG4UZW42,2020-03-01 14:52:39
122,1234130051261763584,Doncho Gunchâ‰¡ğ•§ ğŸ€ ğŸ‘»,"RT @28delayslater: #Tesla #ModelY does fit adults in the back seat. My apologies. 

 https://t.co/bgdiVamUmC",2020-03-01 14:55:07
123,1234130676624056320,Dr . Rohit,"After a longtime wet in rain #unexpectedrain #unplannedbikeride #naturesplan #funtimes #swag #lovingit #livingmybestlife #lifeisbeautiful #lifeisunpredictable #bliss @ Latur, Maharashtra, India https://t.co/OuGm6k2JJO",2020-03-01 14:57:37
124,1234132537259307008,Thorsten Heller,How the #Tesla big #battery has smoothed the transition to #zeroemissions #grid | @RenewEconomy https://t.co/IfoZrIuprr,2020-03-01 15:05:00
125,1234133248604663809,Jay in Shanghai ğŸ‡¨ğŸ‡³ ç‰¹æ–¯æ‹‰,"Exclusive video on the ground from Phase 2 at Tesla Gigafactory Shanghai. On bets on when Phase 2 will be completed? Comment below ğŸ‘‡ğŸ‘‡ 

#Tesla #TeslaChina #Gigafactory #GigaShanghai #China #ç‰¹æ–¯æ‹‰ #ä¸­å›½ $TSLA https://t.co/Nl2zMH5OVw",2020-03-01 15:07:50
126,1234134886438580224,Jewelry,RT @FlashJewelry: Rose Gold Plated Rope Lab Ruby #Ring https://t.co/y1ETdmiTcF #etsychaching #customjewelry #swag #rt #etsyhunter #etsyjeweâ€¦,2020-03-01 15:14:20
127,1234137628766699520,SeasonedTech #TechCoach,"Even when itâ€™s dirty, Iâ€™ll take photos! #WhoDoesThat #Tesla #Model3 https://t.co/d1jL5DweJB",2020-03-01 15:25:14
128,1234137966307500032,I Spotted $TSLA $500,Another day. Another #tesla spontaneous combustion incident. The new Model Y is so square in the back by the way. https://t.co/05SOSeDefZ,2020-03-01 15:26:34
129,1234138828249714688,Ù…Ø¬Ù„Ø© Ø¹Ø§Ù„Ù… Ø§Ù„ØªÙƒÙ†ÙˆÙ„ÙˆØ¬ÙŠØ§,"Ù…Ø´Ø±ÙˆØ¹ Ø´Ø±ÙƒØ© #Tesla Ø§Ù„Ø³Ø±ÙŠ Ø§Ù„Ø¬Ø¯ÙŠØ¯ Ù„Ø¥Ù†ØªØ§Ø¬ Ø§Ù„Ø¨Ø·Ø§Ø±ÙŠØ§Øª #Roadrunner

Ø§Ù„ØªÙØ§ØµÙŠÙ„ Ø¯Ø§Ø®Ù„ Ø§Ù„Ù„ÙŠÙ†Ùƒ.. https://t.co/1CpS3V9lNI

@Tesla

#Ù…Ø¬Ù„Ø©_Ø¹Ø§Ù„Ù…_Ø§Ù„ØªÙƒÙ†ÙˆÙ„ÙˆØ¬ÙŠØ§",2020-03-01 15:30:00
130,1234141172546719745,Vincent ğŸš€ğŸŸ ,"Tesla Giga 3 Shanghai Phase 2 Construction Begins, Potentially For China-Made Model Y

$TSLA #Tesla #China #GF3 #ModelY 

https://t.co/aneXo3hddn",2020-03-01 15:39:19
131,1234141415711674368,TheTeslaLife,"The Fremont Police Dept was the first to add a #Tesla (a used #ModelS ) patrol car. In the two years since then, it has performed so well on duty that they are considering adding more electric vehicles to the fleet, including the upcoming #ModelY https://t.co/h2MiNHIJO2 https://t.co/uBqpYuA7Yp",2020-03-01 15:40:17
132,1234141474465382401,Mining Industry HR Council,"We're MiHR, We're Here! #PDAC2020 Booth 6508N. Get informed of our programming, and get your #swag before it's gone! https://t.co/7q0z4DHyAe",2020-03-01 15:40:31
133,1234142235731648512,Bridgett Wilbur,#Win #Bath #Body #GiftBasket #Swag #BookTour #Giveaway #BookBoost #Romantic #Suspense #MidnightSons @Author_Carmen https://t.co/LlQXsHdKal,2020-03-01 15:43:32
134,1234142244925390851,Witherman912,RT @spotted_model: Another day. Another #tesla spontaneous combustion incident. The new Model Y is so square in the back by the way. https:â€¦,2020-03-01 15:43:35
135,1234145595369152513,Tesla Detroit,@DMC_Ryan My first and only @Tesla is a Model X. Didn't realize how many additional features it has that aren't available on other #Tesla models. I'm so used to the self presenting doors and ability to open them all from the display that it makes it impossible to drive anything else!,2020-03-01 15:56:53
136,1234146390600749071,Teslaliving,One of my favorite #Tesla pictures. @tesla @Speak_EV @evmeerkat #bot https://t.co/HawAEUpKMO,2020-03-01 16:00:03
137,1234147869935927296,Mike McGinnis,.@elonmusk thanks to you and @tesla for #DynoMode! @DragTimes #Tesla #EV ğŸ©ğŸ©ğŸ© https://t.co/Z9qzf9A3HO,2020-03-01 16:05:56
138,1234149421375533058,Mikhail Rapoport,#Win $20 Amazon #Swag #BookTour #Giveaway #BookBoost #FREE #YA #Fantasy #College #NeverDateASiren #ByrdNash  https://t.co/vADQzdQt4L,2020-03-01 16:12:06
139,1234149952827383809,GLOCKENHOF ZÃœRICH,ğŸ“¢You will arrive with your #Tesla? Welcome - With us you are right.â¤ï¸ We offer  you one of about 300 charging stations in #Switzerland!ğŸ‡¨ğŸ‡­ ğŸ‘‰Check In here https://t.co/Y21BzCj5T0 https://t.co/pnfAkw3wZG,2020-03-01 16:14:12
140,1234151380128075778,Julie Lundstrom,#Win $25 Amazon #Swag #BookTour #Giveaway #BookBoost #SciFi #Romance #Adventure #DefyingTheRelicHunter @Askole https://t.co/Z5EnCCD05m,2020-03-01 16:19:53
141,1234154057020956676,PureTesla,Quick #Tesla Tip: you can use voice command to fill search boxes! Check it out: https://t.co/O7Es7uvcfm,2020-03-01 16:30:31
142,1234154514535649283,TradersColony,"Tesla Supplier CATL Plans To Raise $2.85B To Expand Electric Battery Business $BAMXF $DDAIF $TSLA 
#tesla  https://t.co/H4K0AOJ6YN",2020-03-01 16:32:20
143,1234155192767143936,Maki Tori,"Un ami qui rentre hier, en @Tesla. Seretrouve au milieu des retours du ski. Embouteillage aux superchargeurs. Il se prend 2heures d'arrÃªt total. 
Parfaite illustration qu'il faut densifier le rÃ©seau, avant de pousser Ã  la voiture Ã©lectrique. #tesla #eletricvehicule #mobilite",2020-03-01 16:35:02
144,1234156448541794306,Family Health,"Top 10 Home Remedies To Cure MOUTH ULCERS
https://t.co/eWa0wZD7AV #tagfire #health #lifestyle #healthcare #healthy #beauty #love #LOL #twipu #food #Diet #happy #happiness #RT #BTS #swag #pain #smile #followme #style #cool #l4l #f4f #fun https://t.co/CkJg7bvBUH",2020-03-01 16:40:01
145,1234156854558760962,Joe Gambiste,"RT @vincent13031925: Tesla Giga 3 Shanghai Phase 2 Construction Begins, Potentially For China-Made Model Y

$TSLA #Tesla #China #GF3 #Modelâ€¦",2020-03-01 16:41:38
146,1234157036000116736,TeslaModelTracker,"R, S, X âœ…

3
ğŸ¥ğŸ“½ğŸ¿31 Mar 2016
ğŸš—28 Jul 2017
 â€”&gt; 484 days âœ…

Semi
ğŸ¥ğŸ“½ğŸ¿16 Nov 2017
ğŸš›?
 â€”&gt; 836 days â°

Roadster2
ğŸ¥ğŸ“½ğŸ¿16 Nov 2017
ğŸ?
 â€”&gt; 836 days â°

Y
ğŸ¥ğŸ“½ğŸ¿15 Mar 2019
ğŸš™?
 â€”&gt; 352 days â°

Cybrtrk
ğŸ¥ğŸ“½ğŸ¿21 Nov 2019
ğŸšš?
 â€”&gt; 101 days â°

#Tesla $tsla $tslaq",2020-03-01 16:42:21
147,1234162745848799238,umop ap!sdn,RT @PureTesla: Quick #Tesla Tip: you can use voice command to fill search boxes! Check it out: https://t.co/O7Es7uvcfm,2020-03-01 17:05:02
148,1234164506030292997,Vincent ğŸš€ğŸŸ ,"Tesla Chinaâ€™s Preventative COVID-19 Measures Shows Focus On Customer Safety [Video]

$TSLA #Tesla #China 
https://t.co/S92MwXBeGN",2020-03-01 17:12:02
149,1234166824830369793,â˜€ï¸ Itsgiamo â˜€ï¸,#pink #nike #shoes #sneakers #jeans #igersitalia #igdaily #igers #ig_italy #instagay #italy #italia #italianboy #italiangay #boy #me #swag #picoftheday #sunday #relax #dayoff #gay #gayboy #gayitaly #gayman #gaytwinkâ€¦ https://t.co/a5FurIlLZ6,2020-03-01 17:21:15
150,1234167120956551169,Third Row Tesla Podcast,"RT @vincent13031925: Tesla Giga 3 Shanghai Phase 2 Construction Begins, Potentially For China-Made Model Y

$TSLA #Tesla #China #GF3 #Modelâ€¦",2020-03-01 17:22:26
151,1234167433822396417,Alex von Witzleben,"Hydrogen-power cars: Hereâ€™s what itâ€™s like to drive one â€“ Alastair Dalton | The Scotsman
https://t.co/CPO22Z45hg #Hydrogen #HydrogenNow #Hydrogen4Climate #ClimateActionNow #electriccar #ElectricCars #ElectricVehicles #EVs #Tesla #cars #autos #VW #Daimler #BMW #PSA #Renault",2020-03-01 17:23:40
152,1234168316308185088,Alex von Witzleben,Why Are Many Media Channels Dismissive Of Electric Vehicles â€” Teslas Included? https://t.co/6aDpI7UvIz #Trump digs #coal #GOP #ClimateActionNow #electriccar #ElectricCars #ElectricVehicles #EVs #Tesla #cars #autos #VW #Daimler #BMW #PSA #Renault #Citroen #Peugeot #Fiat #Volvo,2020-03-01 17:27:11
153,1234168753790869505,Reenath K Devadasan,"RT @vincent13031925: Tesla Chinaâ€™s Preventative COVID-19 Measures Shows Focus On Customer Safety [Video]

$TSLA #Tesla #China 
https://t.coâ€¦",2020-03-01 17:28:55
154,1234168849399975936,Marcy Meyer,#Win $25 Amazon #Swag #BookTour #Giveaway #BookBoost #SciFi #Romance #Adventure #DefyingTheRelicHunter @Askole https://t.co/R4sZ7nX4ay,2020-03-01 17:29:18
155,1234169690802597888,Martin Gaedt Provotainment & JobJackpot,RT @renew_economy: How the #Tesla big battery has smoothed the transition to zero emissions grid https://t.co/NeSpmBkZci @elonmusk,2020-03-01 17:32:38
156,1234169742736396288,Alex von Witzleben,"What history taught us about horses and electric cars
https://t.co/bLu5FX55Z4 #ClimateActionNow #electriccar #ElectricCars #ElectricVehicles #EVs #Tesla #cars #autos #VW #Daimler #BMW #PSA #Renault #Citroen #Peugeot #Fiat #Volvo #Opel",2020-03-01 17:32:51
157,1234170198279753728,Renaissance Man,"RT @vincent13031925: Tesla Chinaâ€™s Preventative COVID-19 Measures Shows Focus On Customer Safety [Video]

$TSLA #Tesla #China 
https://t.coâ€¦",2020-03-01 17:34:39
158,1234172668234141708,Eva Fox ğŸ¦Š,"Tesla Model Y Interior Pictures and Info ğŸ‘€

#Tesla #ModelY 
https://t.co/POsK75CPij",2020-03-01 17:44:28
159,1234172727969271809,Vincent ğŸš€ğŸŸ ,"Pictures Update: 

Tesla Model Y Interior Pictures and More Info 

$TSLA #Tesla #ModelY

https://t.co/5kvOfX9Web",2020-03-01 17:44:42
160,1234173887606382592,JST,"RT @vincent13031925: Pictures Update: 

Tesla Model Y Interior Pictures and More Info 

$TSLA #Tesla #ModelY

https://t.co/5kvOfX9Web",2020-03-01 17:49:19
161,1234175037260824579,Mugsy Exposes GOP Stupidity ğŸš«ğŸŠğŸ¤¡,"@ClintonDesveaux @dianefrancis1 @elonmusk @Tesla @kimbal @EVNewsDaily @ElectrekCo @FullyChargedShw As much as I like @elonmusk &amp; #Tesla, that's still the ugliest stupid looking truck I've ever seen. It look like his 6 year old niece designed it. ğŸ¤¦â€â™‚ï¸",2020-03-01 17:53:53
162,1234175200830332929,ğŸ”—Vivian Okoy,"RT @TeslaMotorsClub: Tesla Model Y Caught Track Testing At Fremont, Cars In Production #ModelY #Tesla #TeslaModelY #Fremont https://t.co/zvâ€¦",2020-03-01 17:54:32
163,1234175848426745857,Jukka P.SeppÃ¤lÃ¤,"RT @vincent13031925: Tesla Chinaâ€™s Preventative COVID-19 Measures Shows Focus On Customer Safety [Video]

$TSLA #Tesla #China 
https://t.coâ€¦",2020-03-01 17:57:06
164,1234176253122338816,1cleverminx,"Tesla mobile repair, scheduled for today, canx due 2 tech illness. I get that. What I don't get is starting the repair request process from square 1. This should just be a matter of changing the service date. Now scheduled 1 month post original request. @Tesla @Teslarati #Tesla",2020-03-01 17:58:43
165,1234176360136007684,NEOWIZ GLOBAL,"This is it, Day 4 of #PAXEast2020 is happening now!

Donâ€™t miss your last chance to visit #23071, play Skul: The Hero Slayer &amp; Metal Unit, and grab some swag!

#WeAreNEOWIZ #gaming #skul #metalunit #IndieGameDev #indiegames #free #swag @HeroSkul @metal_unit https://t.co/d3V8p7dE0h",2020-03-01 17:59:08
166,1234176509478305793,Sufiy,#Tesla Solar Power Business Could Be Worth Billions https://t.co/3ClvYhhsyE,2020-03-01 17:59:44
167,1234176658883727361,Olhar Digital,"HÃ¡ quase dois anos, precisamente em 23 de marÃ§o de 2018, um acidente grave na Highway 101, rodovia dos EUA, vitimou um motorista de um #Tesla Model X

https://t.co/8mwxXqBQuD",2020-03-01 18:00:20
168,1234177184325132289,Mark Sanders,"Filling up with sunshine. 
#PV #solarpower #FreeEnergy #LotusElan #poweredbythesun #simpBMS feeding #Tesla #batteries nicely. https://t.co/8kg2JqSfCg",2020-03-01 18:02:25
169,1234177358808174594,Sufiy,"RT @kirillklip: Copper for Tesla Energy rEVolution

""Now we can talk about Copper for #Tesla Energy rEVolution &amp; EVs. TNR holds NSR Royaltyâ€¦",2020-03-01 18:03:06
170,1234178227456946181,mrkspflrğŸ§ ,"RT @vincent13031925: Pictures Update: 

Tesla Model Y Interior Pictures and More Info 

$TSLA #Tesla #ModelY

https://t.co/5kvOfX9Web",2020-03-01 18:06:34
171,1234180593874804737,ğŸ¶Earl of FrunkpuppyğŸ¶,"RT @vincent13031925: Pictures Update: 

Tesla Model Y Interior Pictures and More Info 

$TSLA #Tesla #ModelY

https://t.co/5kvOfX9Web",2020-03-01 18:15:58
172,1234181824508813313,Adam Klotz,"RT @vincent13031925: Pictures Update: 

Tesla Model Y Interior Pictures and More Info 

$TSLA #Tesla #ModelY

https://t.co/5kvOfX9Web",2020-03-01 18:20:51
173,1234182877694320640,Murphys Law Garage,"Listen to ""Tool Room Confessions Episode 5 - Cybertruck, Electric Hummer, Mach E rant number two"" from Tool Room Confessions on @anchor: https://t.co/DXNdAdO6OC #Tesla #Cybertruck #GM #Hummer #ElectricVehicles #mustangmache",2020-03-01 18:25:02
174,1234183670036082690,LP,Magnetic spin vortex - I am only delivering small amounts of linear force to the drive ğŸŒªğŸ›¸ğŸŒ #spaceship #soon #magnetic #spin #vortex #technology #physics #magnitism #electricity #eskomsepoes #freeenergy #greenenergy #newmethods #discovering #exploring #resonance #tesla #battery https://t.co/I3A30SE5oQ,2020-03-01 18:28:11
175,1234184131774427138,SEMODU,"â€œThe #present is theirs; the #future, for which I really worked, is mine.â€ Nikola #Tesla - #quote #quoteoftheday #quotes",2020-03-01 18:30:01
176,1234184981544652800,Planwerk,"RT @stang2k: #ZSW: Bestand an E-Fahrzeugen wÃ¤chst auf 7,9 Millionen Exemplare. Mit deutlichem Abstand fÃ¼hrt das #Tesla #Model3 bei den Zulaâ€¦",2020-03-01 18:33:24
177,1234185838852034561,Reenath K Devadasan,"RT @vincent13031925: Pictures Update: 

Tesla Model Y Interior Pictures and More Info 

$TSLA #Tesla #ModelY

https://t.co/5kvOfX9Web",2020-03-01 18:36:48
178,1234186561547362305,Jenn Fike,#Win #Bath #Body #GiftBasket #Swag #BookTour #Giveaway #BookBoost #Romantic #Suspense #MidnightSons @Author_Carmen https://t.co/EzUbHBZxtq,2020-03-01 18:39:41
179,1234187552636227584,Pranav Jain,"If you have eyesğŸ‘€ look at me now...
 #street #streetstyle #streetphotography #cp #cannaughtplace #india #delhi #black #whight #shoes #glass #swag #looks #sundayfunday #light #lightroom #like #likeforlikeâ€¦ https://t.co/VPrku8weWa",2020-03-01 18:43:37
180,1234187615139553281,Taizun Tapia,"RT @vincent13031925: Pictures Update: 

Tesla Model Y Interior Pictures and More Info 

$TSLA #Tesla #ModelY

https://t.co/5kvOfX9Web",2020-03-01 18:43:52
181,1234187654582894594,ROBERTO,@ElectricJen FYI #Model3 on cover of Consumer Reports Best + Worst Car issue and #Tesla is answer to first clue in todayâ€™s New York Times mini crossword puzzle!,2020-03-01 18:44:01
182,1234188108415033345,Mara's Southern Kitchen,#Texas #selections @TitosVodka @ShinerBeer #swag #Cajun #CornedBeefandCabbage #TexasIndependenceDay https://t.co/8m6FMlGO1e https://t.co/6xUOj3I66Q,2020-03-01 18:45:49
183,1234188718719688704,Vincent ğŸš€ğŸŸ ,"âš ï¸Breaking: 

Tesla Model 3 Registered In France ğŸ‡«ğŸ‡· Surged In Februaryâ€¼ï¸

2nd Best Selling EV ğŸ†
Thx @TeslaLobby for the info

$TSLA #Tesla #Model3 #France

https://t.co/yIevMGBJCz",2020-03-01 18:48:15
184,1234188869643403264,Norbert Roettger,"""Die Zahl der menschlichen #Eingriffe bei #Autonomie-Fahrten von #Tesla laut der Ãœbersicht: #null.""
Was nun #Daimler #BMW #Audi #VW ?
https://t.co/1zToyTIBUV",2020-03-01 18:48:51
185,1234189326856179715,Jenn Fike,#Win $10 GC #Swag #BookTour #Giveaway #BookBoost #SmallTown #Sweet #Romance #FREE #TutusandCowboyBoots @authorcasey https://t.co/XG9zD6gNmb,2020-03-01 18:50:40
186,1234189571203661824,Allt om Tesla,"Foton pÃ¥ InteriÃ¶ren pÃ¥ Tesla Model Y samt Ã¤nnu ej slÃ¤ppta specifikationer. 
https://t.co/GiQVb9r07X

#Tesla #ModelY #elbil https://t.co/3H3IZ0N15e",2020-03-01 18:51:38
187,1234190447138000898,Tesla Club Italy,"Differenze e similaritÃ  tra #Tesla Model S e Model 3 in collaborazione tra https://t.co/9UgDsNUw1E e @TeslaClubItaly che ha portato alla creazione di questo video per una prova comparativa on the road. ğŸ˜
https://t.co/8m2GzJ6qc4 https://t.co/7zezxtL1eN",2020-03-01 18:55:07
188,1234190734015655937,budgetblindering,"#budgetblindering 
#blinderen 
#windowtinting 
#bmw 
#audi 
#mercedes 
#volkswagen 
#toyota 
#tesla 
#opel 
#ford 
#hundai 
#skoda 
#seat 
#selfie 
#amsterdam 
#denhaag 
#breda 
#rotterdam 
#nederland 
#utrechtâ€¦ https://t.co/5RLy0x11eU",2020-03-01 18:56:15
189,1234192349275795456,â„¢ğŸ¢,"Â»Das NadelÃ¶hr zum Teslawerk

Der Kleinstadt Erkner droht der Verkehrsinfarkt und ein Ausweg ist bislang nicht in SichtÂ«
https://t.co/YJYiHRuMyg

Das GrÃ¼nheide keinen Bahnhof hat erwÃ¤hnte ich?
Ach, Hauptsache Fabrik ...
#tesla",2020-03-01 19:02:40
190,1234193705680199680,Schoolvscollege,"Follow @_school.vs.college_
Turn on notification ğŸ™
Follow @Schoolvscolleg1
#meme #sarcasm #bakchodi #chutiya #bakchod #chutiyapa 
#fun #funny #hutiyapa
#love #girl  #friends
#happy #picoftheday #swag #tbh #pertty #repost #art #cool
#bored #funnymemes #memes 
 #memesdailye https://t.co/eJoqlX58vw",2020-03-01 19:08:04
191,1234194120102567937,T E S L A U D I O,When @elonmusk hasnâ€™t tweeted anything the last two days... #tesla #elonmusk https://t.co/ztnzED8Og5,2020-03-01 19:09:43
192,1234194794953486340,Chansoo Byeon,"Amazing. Thanks Vincent ğŸ‘
Buy a #Tesla today! https://t.co/sNta2yuEMH",2020-03-01 19:12:24
193,1234197723651416064,Enrico Buselli,"Change the way. Holiday different. Turn green. Experience the entirely different â€˜Albergo Diffuso Volterra.â€™
https://t.co/S4g4dsw0BD
#tuscany #holiday #vegan #tourism #tesla #greenholidays #etruscans #homes #plantbased #crowdfunding #sustainabledevelopment #experience https://t.co/yIyYr1uEVC",2020-03-01 19:24:02
194,1234201611100196864,kOhmsLaw,"RT @EvaFoxU: Tesla Model Y Interior Pictures and Info ğŸ‘€

#Tesla #ModelY 
https://t.co/POsK75CPij",2020-03-01 19:39:29
195,1234202100994859009,Magnus,"RT @AlltomTesla: Foton pÃ¥ InteriÃ¶ren pÃ¥ Tesla Model Y samt Ã¤nnu ej slÃ¤ppta specifikationer. 
https://t.co/GiQVb9r07X

#Tesla #ModelY #elbilâ€¦",2020-03-01 19:41:25
196,1234202882393636866,Jonas TSLA âš¡ï¸,"#Tesla-Thread: With each day passing, I learn things proving that Tesla is even more ahead of the other car-makers that I previously thought. As an example, two things I learned today. 1/4",2020-03-01 19:44:32
197,1234203497341575174,Trailer Park Orthopodâ„¢ ğŸ¸ğŸšğŸ–,"@MHPoison1 @StSenka Dr. Fauci in yesterdayâ€™s â€œpress conference.â€

This is true Level V evidence. 

#swag https://t.co/WMTgZ23mKN",2020-03-01 19:46:58
198,1234203740984532992,Herman van Drie,@FibElliot123 @HenrikZeberg #Tesla - main target C or E = 477. https://t.co/99Vc8qJGiP,2020-03-01 19:47:56
199,1234204797504512001,Eva Fox ğŸ¦Š,"Tesla Giga 4 Berlin is showing impressive progress, moving to the next level of construction ğŸšœğŸ‡©ğŸ‡ª BravoğŸ‘ğŸ»

@Tesla @elonmusk 
#Tesla #GigaBerlin #Gf4 #gigafactory4 
@DerCaspar @Gf4Tesla @Silasfehe200 ğŸ™ğŸ»
https://t.co/crMRMIxBF6",2020-03-01 19:52:08
200,1234204805683404803,TheTeslaLife,Close up with a #ModelY production unit. Sterling Picton spotted a production-intent unit at a #Tesla Engineering Building in Fremont and shared a few great pictures https://t.co/sVFxfADhyl https://t.co/VlgyyK8pbm,2020-03-01 19:52:10
201,1234205430022316032,tesland,EinzelstÃ¼ck: Zum Cabrio umgebautes Tesla Model S in New York zu verkaufen #news-stream #tesla #unaice #contentautomation https://t.co/oOnKIbGJ1g,2020-03-01 19:54:39
202,1234206193813352448,Vincent ğŸš€ğŸŸ ,"Tesla Gigafactory 4 Berlin ğŸ‡©ğŸ‡ª Impressive Progress, Moving Toward Next Level Construction

$TSLA #Tesla #GF4 #Germany 
https://t.co/TpPJbPnTcV",2020-03-01 19:57:41
203,1234206462248919041,ğŸŒ˜â™“ï¸ğŸš€ğŸ”‹âš¡ï¸,"RT @vincent13031925: Tesla Gigafactory 4 Berlin ğŸ‡©ğŸ‡ª Impressive Progress, Moving Toward Next Level Construction

$TSLA #Tesla #GF4 #Germanyâ€¦",2020-03-01 19:58:45
204,1234207905102139392,G3NO,"RT @vincent13031925: Pictures Update: 

Tesla Model Y Interior Pictures and More Info 

$TSLA #Tesla #ModelY

https://t.co/5kvOfX9Web",2020-03-01 20:04:29
205,1234208069095084032,Nevan Read,"RT @vincent13031925: Tesla Gigafactory 4 Berlin ğŸ‡©ğŸ‡ª Impressive Progress, Moving Toward Next Level Construction

$TSLA #Tesla #GF4 #Germanyâ€¦",2020-03-01 20:05:08
206,1234208526693740548,J.Hillmann,"RT @vincent13031925: Tesla Chinaâ€™s Preventative COVID-19 Measures Shows Focus On Customer Safety [Video]

$TSLA #Tesla #China 
https://t.coâ€¦",2020-03-01 20:06:57
207,1234208793015140353,Mary R,"RT @vincent13031925: Pictures Update: 

Tesla Model Y Interior Pictures and More Info 

$TSLA #Tesla #ModelY

https://t.co/5kvOfX9Web",2020-03-01 20:08:01
208,1234209380955897856,E for Electric,"Weekly contributor Tom Moloughney ( @tommolog ) talks about what Tesla needs to fix to catch up to most other EVs. Why it's a problem and what you can do to get by for now: https://t.co/uf85g4BauP

#tesla #teslamodels #teslamodel3 #ev https://t.co/8OCt1e0KgR",2020-03-01 20:10:21
209,1234210236703150081,carlos manuel perez,RT @TheTeslaLife: Close up with a #ModelY production unit. Sterling Picton spotted a production-intent unit at a #Tesla Engineering Buildinâ€¦,2020-03-01 20:13:45
210,1234210989182156808,JuicyAppleNews,"Tesla disconnected autopilot from Model S after its resale / HB#autopilot #disconnected #model #resale #tesla
https://t.co/m8iwvzpVnX",2020-03-01 20:16:45
211,1234212464562184193,Mike Campese,"Be sure to visit the Mike Campese store, for all Cdâ€™s and all #swag at https://t.co/slV3bqz60l.  #mikecampese https://t.co/rwOReEL0HL",2020-03-01 20:22:36
212,1234212556530544640,Jay in Shanghai ğŸ‡¨ğŸ‡³ ç‰¹æ–¯æ‹‰,"Phase 2 at Giga Shanghai is Teslaâ€™s Model Y production. 
Check out @TimesTsla article.

https://t.co/p00LZx3h9L

#Tesla #TeslaChina #GigaShanghai #Gigafactory #ModelY #ç‰¹æ–¯æ‹‰ #ä¸­å›½ $TSLA https://t.co/CqUFNLKEHR",2020-03-01 20:22:58
213,1234213150083317761,Shehab Khaled,"â€˜Nowâ€™ is the best answer to any question starting with â€˜whenâ€™

#fashion #style #stylish #love #me #me #cute #photooftheday #nails #hair #beauty #beautiful #instagood #pretty #swag #pink #girl #eyes #design #modelâ€¦ https://t.co/10Oy1mbvlL",2020-03-01 20:25:20
214,1234214366410612736,StocksInaBinder,@Tesla @elonmusk Does the #tesla #TMY have a hitch receiver or not? Yes or No Please.,2020-03-01 20:30:10
215,1234216359149658120,Teslectrics,"RT @vincent13031925: Tesla Gigafactory 4 Berlin ğŸ‡©ğŸ‡ª Impressive Progress, Moving Toward Next Level Construction

$TSLA #Tesla #GF4 #Germanyâ€¦",2020-03-01 20:38:05
216,1234218111517298688,Hasmukh J Parmar,"RT @MNXMovies: Land or water, one common footwear for all surfaces!
.
.
ğŸ“¹: Benjamin Forthun | IG
.
.
#Swag #WildChild #StayWild https://t.câ€¦",2020-03-01 20:45:03
217,1234218348474486788,Thiago Pelonia,"WafflesğŸ§‡ğŸ¿ï¸

 #patisserie #confeitaria #domingo #chuvoso #obrigadodeus #obrigadosenhor #confeitandocomamor #waffles #fraisier #color #pride #framboesa #chocolat #amora #nutella #follow #exotic #feed #swag #ilove #swagâ€¦ https://t.co/bH7SexZ3pf",2020-03-01 20:45:59
218,1234218444544888832,ğŸ”‹SydEV,A weekend away in an #EV? Noooo.  It canâ€™t be!  @ScottMorrisonMP said so!  #ev #ausev #tesla #auspol https://t.co/yoCoHsDa7n,2020-03-01 20:46:22
219,1234218798946947073,ğŸ”—Vivian Okoy,RT @28delayslater: @elonmusk you should take the #Tesla Semi to Nurburgring to set the fastest lap for an EV (or any) semi truck. https://tâ€¦,2020-03-01 20:47:47
220,1234218957739085824,Eva Fox ğŸ¦Š,"NASA is asking potential industry partners, including electric car companies, to submit ideas for a lunar terrain vehicle (LTV) that could one day transport astronauts across the lunar surfaceğŸŒ–

@Tesla @elonmusk @NASA 
#Tesla 
https://t.co/bjRIZGUaZ7",2020-03-01 20:48:24
221,1234219426838433795,ePionierâš¡ï¸sá´‰É¹É¥É”,#Tesla #ModelY: first look at early electric SUV shows impressive fit and finish https://t.co/9KCs9wEFFw,2020-03-01 20:50:16
222,1234223693489999874,AydÄ±ncan,"@mrleetesla @LikeTeslaKim @seanmmitchell @vincent13031925 well apparently #Tesla #ModelY has USB-c ports, if I see it correctly itâ€˜s #usbc",2020-03-01 21:07:13
223,1234223767968083968,archived,@meowrails #swag #yol,2020-03-01 21:07:31
224,1234224745228443651,Tesla Pittsburgh,"No idea what that plate means, but I see you Neighbor! #Wexford #Pittsburgh #Tesla https://t.co/tNMP0S2sU1",2020-03-01 21:11:24
225,1234225972901240834,Keondra,"RT @vincent13031925: Tesla Gigafactory 4 Berlin ğŸ‡©ğŸ‡ª Impressive Progress, Moving Toward Next Level Construction

$TSLA #Tesla #GF4 #Germanyâ€¦",2020-03-01 21:16:17
226,1234226198139375616,ğŸ”‹LivingTeslağŸ”‹,"New Video: @getjeda vs Taptes USB Hub Showdown
ğŸ‘‰https://t.co/1DUZuN1eNeğŸ‘ˆ
We take a deep dive into the difference between these seemingly identical devices. What's inside is clearly not identical.
â“Do you use one of these hubsâ“ Tell us whichğŸ‘‡
#USB #Model3 #Tesla #TeslaModel3 https://t.co/e3XRZv7gpb",2020-03-01 21:17:11
227,1234230342896234498,Gordon Chaffin,Pro-Tip: Keep your LinkedIn profile picture on point because  folks with big audiences like @UC_Show will use it as their Youtube thumbnail. https://t.co/XPrGdJ1sp1 #ElectricVehicles #ClimateAction #Scooters #ElonMusk #Tesla #GreenNewDeal #EVs https://t.co/xtxQTWFhWt,2020-03-01 21:33:39
228,1234231954410819586,Fatalilla e il principe Smeraldo,"Nel ruolo di â€œSTREGAELFAâ€, dalla Bellissima Ambra Orfei. Abito realizzato dalla Stilista Patrizia Farinelli. ğŸŒŸ #amazing #style #100likes #nofilter #bestoftheday #50likes #instacool #instafollow #swag #followforfollow #ig_today #fitness #f4f #l4l #beauty #pretty #music #toptags https://t.co/PQ3Q9tMWHm",2020-03-01 21:40:03
229,1234232687533031426,Vincent ğŸš€ğŸŸ ,"âš ï¸âš ï¸Important Updateâš ï¸âš ï¸

Minister of Economics JÃ¶rg Steinbach Expects Tesla Gigafactory 4 Berlin ğŸ‡©ğŸ‡ª Groundbreaking in 2nd half of March (this month), Wishes @ElonMusk To Attendâ€¼ï¸

Will you be there Elon? 

$TSLA #Tesla #GF4 #Germany 
https://t.co/RKSgVxslqY",2020-03-01 21:42:58
230,1234234643773157377,V.ALEXANDER,#Win $25 Amazon #Swag #BookTour #Giveaway #BookBoost #SciFi #Romance #Adventure #DefyingTheRelicHunter @Askole https://t.co/cP3odaRvxV,2020-03-01 21:50:44
231,1234235309417648128,Robert McLaughlin,"RT @renew_economy: #Tesla big battery delivered $116 million in market savings in 2019, says new report  @elonmusk https://t.co/gNyWvvragE",2020-03-01 21:53:23
232,1234236423856906243,YHAKZ â‚¬9,"RT @vincent13031925: Pictures Update: 

Tesla Model Y Interior Pictures and More Info 

$TSLA #Tesla #ModelY

https://t.co/5kvOfX9Web",2020-03-01 21:57:49
233,1234237061361754112,Dreams of Mars 2049,Fighting Floods &amp; Fossil Fuels In Texas (Video) https://t.co/kIjrPN3gjn #TeamElon $TSLA #Tesla,2020-03-01 22:00:21
234,1234237065988104193,AUTO BILD EspaÃ±a,VÃ­deo: Tesla Model S ğŸ†š Tesla Model X ğŸ†š Tesla Model 3 - https://t.co/ke4bpAhrkg #Tesla https://t.co/8JeeATB00W,2020-03-01 22:00:22
235,1234238968117563393,Dave Malda,Super handy this weekend!  Thanks @eBridgeConnects #Swag #HatGame #Canada ğŸ‡¨ğŸ‡¦ğŸŒ¨ğŸ™ https://t.co/8zOhqPoy57,2020-03-01 22:07:55
236,1234242566817767426,TSLAPWR ğŸš—ğŸ”ŒğŸ”‹ğŸ“ˆğŸ’µğŸ“¡,@kevinzhh Good job!  You hear about these daily in the #Tesla community.,2020-03-01 22:22:13
237,1234244270107889664,theretweeter,"RT @MikeCampese: Be sure to visit the Mike Campese store, for all Cdâ€™s and all #swag at https://t.co/slV3bqz60l.  #mikecampese https://t.coâ€¦",2020-03-01 22:28:59
238,1234246652929536001,NewsUpâ‡§,"RT @renew_economy: #Tesla big battery delivered $116 million in market savings in 2019, says new report  @elonmusk https://t.co/gNyWvvragE",2020-03-01 22:38:27
239,1234247508588662786,Lilly the Dog,#swag #yolo #bitchessniffingmyass #babycapybaras https://t.co/dst38HqxKs,2020-03-01 22:41:51
240,1234248167895556096,Jason Glisson,RT @spotted_model: Another day. Another #tesla spontaneous combustion incident. The new Model Y is so square in the back by the way. https:â€¦,2020-03-01 22:44:29
241,1234248768519733248,CğŸ”‹riâš¡,"RT @vincent13031925: Pictures Update: 

Tesla Model Y Interior Pictures and More Info 

$TSLA #Tesla #ModelY

https://t.co/5kvOfX9Web",2020-03-01 22:46:52
242,1234254539475296256,Dream League Soccer 2020,"#love #followback #Twitterers #tweegram #photooftheday #20likes #amazing #smile #follow4follow #like4like #look #instalike #igers #picoftheday #food #instadaily #instafollow #followme #girl #instagood #bestoftheday #instacool co #swag
â†—ï¸ Download ğŸ†•ğŸ†•
https://t.co/yoJ3uOxbK9 https://t.co/LImEbk88tw",2020-03-01 23:09:48
243,1234254666965405699,Dream League Soccer 2020,"#love #followback #Twitterers #tweegram #photooftheday #20likes #amazing #smile #follow4follow #like4like #look #instalike #igers #picoftheday #food #instadaily #instafollow #followme #girl #instagood #bestoftheday #instacool co #swag
â†—ï¸ Download ğŸ†•ğŸ†•
https://t.co/yoJ3uOxbK9 https://t.co/YhTCLLl5gH",2020-03-01 23:10:18
244,1234258230181867520,Rakhee Chopra,"I would love to have you attend my fashion show. Can I count on your support?

Get your tickets for March 12th here: https://t.co/n6vFMPi01e   #swag #fashion #LdnOnt #shoplocal https://t.co/dTu9TzlJQp",2020-03-01 23:24:28
245,1234258598936633347,I Spotted $TSLA $500,Brother-in-lawâ€™s amazing â¦@elonmuskâ© wall. #Tesla #SpaceX #boringcompany https://t.co/sslaz5GA2b,2020-03-01 23:25:56
246,1234259759274102789,Captain Hype,"RT @vincent13031925: Pictures Update: 

Tesla Model Y Interior Pictures and More Info 

$TSLA #Tesla #ModelY

https://t.co/5kvOfX9Web",2020-03-01 23:30:32
247,1234260276544974849,Hans Lak ğŸŒ #Mission2030,"#eMobility #Influencers according to @kcore_analytics  great to be in the global top ten working on #Mission2030 100% electric #mobility in 2030 #Tesla #VW #Daimler #Renault #Hyundai #Nissan #Ford #BMW 
The #ICE age is ending! #Norway 2025 https://t.co/gtyeRzQSzw",2020-03-01 23:32:36
248,1234261941163450368,Value World,"$SPCE #crazycharts #VirginGalactic #Tesla 

Glamour stocks $SPCE $TSLA have patterns in common. That people get trapped

#TourEiffel https://t.co/FLBxcfVyEL",2020-03-01 23:39:12
249,1234263501863936000,tepi,#Swag https://t.co/Y05JZYss4s,2020-03-01 23:45:25
250,1234264614193508354,Got Swag,"Wireless Phone Charger Dual Phones Charging Anti-skid Car Mount Auto For Tesla Model 3 For All Qi enabled Android devices https://t.co/eYaqeZp49E
#swagğŸ˜ #shoppingaddict #swager #swaggers #swagstyle https://t.co/eO3bJ5X4iU",2020-03-01 23:49:50
251,1234265473606352897,RRR II,"RT @vincent13031925: Pictures Update: 

Tesla Model Y Interior Pictures and More Info 

$TSLA #Tesla #ModelY

https://t.co/5kvOfX9Web",2020-03-01 23:53:15
252,1234265653852491780,Hans Lak ğŸŒ #Mission2030,"Â«#SUV sind ein GlÃ¼cksfall fÃ¼rs #KlimaÂ» https://t.co/D2rQVnmB4u via @zwoelf_app 
#eMobility #Mission2030 100% elektrisch ja es geht! #Tesla zeigt wie!",2020-03-01 23:53:58
253,1234266543955095552,Wisconsin Infidel,The Great Awakening biggest Intel dump the world will ever witness.The world is changing one day at a time. #Tesla #TheGreatAwakeningWorldwide #QAnons #Trump/JFK Jr 2020. What a time to be alive https://t.co/TYuN6uPBU0,2020-03-01 23:57:30
